{"title":"3N","id":"507","meta":{"name":"Necessary","menu":"nmenu","tab_menu":null,"appZip":"https:\/\/s3-us-west-2.amazonaws.com\/myapppresserstorage\/wp-content\/uploads\/sites\/1560\/2018\/08\/03014340\/3n-1.8.zip","app_update_version":1,"design":{"toolbar_background":"#bc8820","toolbar_color":"","text_color":"","body_bg":"","left_menu_bg":"","left_menu_text":"","left_menu_icons":"","button_text":"","button_background":"","link_color":"","headings_color":"","status_bar_bkg":"","custom_css":""},"light_status_bar":null,"menu_right":null,"rtl":null,"share":{"icon":{"hide":null}},"intro_slug":""},"ads":{"ios":{"banner":""},"android":{"banner":""}},"segments":"","languages":"","default_language":"en","assets":{"header_logo":""},"menus":{"items":[{"title":"Home","page_id":"509","page_type":"html","list_route":null,"list_display":null,"favorites":null,"show_slider":"false","slide_route":null,"slug":"main","type":"apppages","url":"https:\/\/myapppresser.com\/abado94\/apppages\/main\/","extra_classes":"","target":"","class":"","parent_id":"0"},{"title":"Ministry Of Health","page_id":"527","page_type":null,"list_route":null,"list_display":null,"favorites":null,"show_slider":null,"slide_route":null,"slug":"ministry-of-health","type":"custom","url":"https:\/\/www.xpertsstore.com\/projects\/n3\/moh.html","extra_classes":"","target":"","class":"","parent_id":"0"},{"title":"Cevil Defence","page_id":"528","page_type":null,"list_route":null,"list_display":null,"favorites":null,"show_slider":null,"slide_route":null,"slug":"cevil-defence","type":"custom","url":"https:\/\/www.xpertsstore.com\/projects\/n3\/cevil.html","extra_classes":"","target":"","class":"","parent_id":"0"},{"title":"Police","page_id":"529","page_type":null,"list_route":null,"list_display":null,"favorites":null,"show_slider":null,"slide_route":null,"slug":"police","type":"custom","url":"https:\/\/www.xpertsstore.com\/projects\/n3\/police.html","extra_classes":"","target":"","class":"","parent_id":"0"}],"name":"NMenu"},"tab_menu":{"items":null,"name":""},"side_menu_login":"","side_menu_force_login":"","wordpress_url":"","show_registration_link":"","registration_url":"","wp_site_addr":""}